{
  "contact_email": "partnership@thejungletechnology.com",
  "contact_address": "G03, 386-0, Al Budoor, Dubai, UAE",
  "version": "1.0",
  "sellers": [
    {
      "Seller_id": 160731,
      "Name": "Sanket Kathirya (PortInfo)",
      "Domain": "https://chotuvptxt.blogspot.com",
      "seller_type": "PUBLISHER"
    },
    {
      "Seller_id": 160732,
      "Name": "Priyank",
      "Domain": "https://riverviewinfosoftinc.blogspot.com/",
      "seller_type": "PUBLISHER"
    },
    {
      "Seller_id": 160733,
      "Name": "Priyank 2",
      "Domain": "https://websiteofmahadevappstore.blogspot.com/",
      "seller_type": "PUBLISHER"
    },
    {
      "Seller_id": 160734,
      "Name": "Diversity Infotech",
      "Domain": "https://techllcweb.blogspot.com/",
      "seller_type": "PUBLISHER"
    },
    {
      "Seller_id": 160735,
      "Name": "Sagar (Invica Infoteh)",
      "Domain": "https://i918bd728.app-ads-txt.com",
      "seller_type": "PUBLISHER"
    },
    {
      "Seller_id": 160752,
      "Name": "chatme",
      "Domain": "https://chatmeet.space/",
      "seller_type": "PUBLISHER"
    },
    {
      "Seller_id": 160753,
      "Name": "Graphical Arena Games",
      "Domain": "https://videotapapp.site/",
      "seller_type": "PUBLISHER"
    },
    {
      "Seller_id": 160754,
      "Name": "oden technology",
      "Domain": "https://megasolution.space/",
      "seller_type": "PUBLISHER"
    },
    {
      "Seller_id": 160755,
      "Name": "Array Infotech",
      "Domain": "https://arrayinfotech.blogspot.com/",
      "seller_type": "PUBLISHER"
    },
    {
      "Seller_id": 160756,
      "Name": "My Creation",
      "Domain": "https://emicalculatorapps.xyz/",
      "seller_type": "PUBLISHER"
    },
    {
      "Seller_id": 160757,
      "Name": "Photo Gallery",
      "Domain": "https://buttonapps.space/",
      "seller_type": "PUBLISHER"
    },
    {
      "Seller_id": 160758,
      "Name": "CZ Solution",
      "Domain": "https://newapifromdev.com/",
      "seller_type": "PUBLISHER"
    },
    {
      "Seller_id": 160759,
      "Name": "anniversary video maker",
      "Domain": "https://anniversaryvideomaker.blogspot.com",
      "seller_type": "PUBLISHER"
    },
    {
      "Seller_id": 160760,
      "Name": "EMI Calculator",
      "Domain": "https://fusionapps.space",
      "seller_type": "PUBLISHER"
    },
    {
      "Seller_id": 16071,
      "Name": "Germane Media",
      "Domain": "https://thegermanemedia.com/",
      "seller_type": "INTERMEDIARY"
    },
    {
      "Seller_id": "1111",
      "Name": "test2",
      "Domain": "test.com",
      "Seller_type": "test2"
    },
    {
      "Seller_id": "160703",
      "Name": "Arcadian Labs",
      "Domain": "https://arcadianlab.com",
      "Seller_type": "Publisher"
    },
    {
      "Seller_id": "16071",
      "Name": "Maxplayer",
      "Domain": "https://tvsetting.com",
      "Seller_type": "Publisher"
    },
    {
      "Seller_id": "160702",
      "Name": "Calculator lock",
      "Domain": "helpcontactus002.blogspot.com",
      "Seller_type": "Publisher"
    },
    {
      "Seller_id": "160705",
      "Name": "Qtonz",
      "Domain": "https://mbitmusic.in",
      "Seller_type": "Publisher"
    },
    {
      "Seller_id": "160704",
      "Name": "Vidgyor",
      "Domain": "Vidgyor.com",
      "Seller_type": "Both"
    },
    {
      "Seller_id": "16071",
      "Name": "Kidscorner",
      "Domain": "https://ctvtap.com/",
      "Seller_type": "Publisher"
    },
    {
      "Seller_id": "160707",
      "Name": "Supercent",
      "Domain": "supercent.io",
      "Seller_type": "Publisher"
    },
    {
      "Seller_id": "160708",
      "Name": "Vnexpress",
      "Domain": "https://vnexpress.net/",
      "Seller_type": "Publisher"
    },
    {
      "Seller_id": "160710",
      "Name": "Cinereporter",
      "Domain": "cinereporters.com",
      "Seller_type": "Publisher"
    },
    {
      "Seller_id": "160713",
      "Name": "Cricheroes",
      "Domain": "cricheroes.com",
      "Seller_type": "Publisher"
    },
    {
      "Seller_id": "160715",
      "Name": "Ana platform",
      "Domain": "lawnet.vn\t",
      "Seller_type": "Publisher"
    },
    {
      "Seller_id": "160716",
      "Name": "Timesbull",
      "Domain": "timesbull.com",
      "Seller_type": "Publisher"
    },
    {
      "Seller_id": "160719",
      "Name": "Suara",
      "Domain": "suara.com",
      "Seller_type": "Publisher"
    },
    {
      "Seller_id": "160722",
      "Name": "NarasiTV",
      "Domain": "narasi.tv",
      "Seller_type": "Publisher"
    },
    {
      "Seller_id": "160723",
      "Name": "Tempo",
      "Domain": "Tempo.co",
      "Seller_type": "Publisher"
    },
    {
      "Seller_id": "160724",
      "Name": "Geotimes",
      "Domain": "geotimes.id",
      "Seller_type": "Publisher"
    },
    {
      "Seller_id": "160736",
      "Name": "Metro Journal",
      "Domain": "metrojournalonline.com",
      "Seller_type": "Publisher"
    },
    {
      "Seller_id": "160715",
      "Name": "thuvienphapluat",
      "Domain": "thuvienphapluat.vn",
      "Seller_type": "Publisher"
    },
    {
      "Seller_id": "160738",
      "Name": "Olx",
      "Domain": "olx.in",
      "Seller_type": "Publisher"
    },
    {
      "Seller_id": "160714",
      "Name": "Ixigo",
      "Domain": "ixigo.com",
      "Seller_type": "Publisher"
    },
    {
      "Seller_id": "160727",
      "Name": "Tecentech",
      "Domain": "gameprowess.com",
      "Seller_type": "Publisher"
    },
    {
      "Seller_id": "160720",
      "Name": "Bhopal Samachar",
      "Domain": "bhopalsamachar.com",
      "Seller_type": "Publisher"
    },
    {
      "Seller_id": "160731",
      "Name": "Grandmob",
      "Domain": "gamepulseworld.top",
      "Seller_type": "Publisher"
    },
    {
      "Seller_id": "160751",
      "Name": "India Darpan",
      "Domain": "https://indiadarpanlive.com",
      "Seller_type": "Publisher"
    },
    {
      "Seller_id": "160756",
      "Name": "JetSynthesis",
      "Domain": "https://www.sachinsaga.com",
      "Seller_type": "Publisher"
    },
    {
      "Seller_id": "160743",
      "Name": "Newsweek",
      "Domain": "https://newsweek.ro",
      "Seller_type": "Publisher"
    },
    {
      "Seller_id": "160750",
      "Name": "Mdotts",
      "Domain": "https://videoplaysongs.blogspot.com",
      "Seller_type": "Publisher"
    },
    {
      "Seller_id": "160709",
      "Name": "TQC",
      "Domain": "fictionzone.net",
      "Seller_type": "Publisher"
    },
    {
      "Seller_id": "160741",
      "Name": "Ispixlab",
      "Domain": "oneindia.com",
      "Seller_type": "Publisher"
    },
    {
      "Seller_id": "160759",
      "Name": "Wigoal",
      "Domain": "povcar.top",
      "Seller_type": "Publisher"
    },
    {
      "Seller_id": "160770",
      "Name": "Digital Scape",
      "Domain": "ctvnest.com",
      "Seller_type": "Publisher"
    },
    {
      "Seller_id": "160746",
      "Name": "PublicTV",
      "Domain": "publictv.in",
      "Seller_type": "Publisher"
    },
    {
      "Seller_id": "160729",
      "Name": "Nedir Org",
      "Domain": "nedir.org",
      "Seller_type": "Publisher"
    },
    {
      "Seller_id": "160788",
      "Name": "Bangla News",
      "Domain": "banglahunt.com",
      "Seller_type": "Publisher"
    },
    {
      "Seller_id": "160777",
      "Name": "Goliath",
      "Domain": "shreeganeshappspolicy.blogspot.com",
      "Seller_type": "Publisher"
    },
    {
      "Seller_id": "160784",
      "Name": "Snapcial",
      "Domain": "goldenstormsyatem.blogspot.com",
      "Seller_type": "Publisher"
    },
    {
      "Seller_id": "160796",
      "Name": "One50am",
      "Domain": "one50am.com",
      "Seller_type": "Publisher"
    },
    {
      "Seller_id": "160762",
      "Name": "Netlink",
      "Domain": "gamesagaquest.top",
      "Seller_type": "Publisher"
    },
    {
      "Seller_id": "160774",
      "Name": "VGT",
      "Domain": "vgt.vn",
      "Seller_type": "Publisher"
    },
    {
      "Seller_id": "160757",
      "Name": "Mobgeek",
      "Domain": "gamespot10.store",
      "Seller_type": "Publisher"
    }
  ]
}